# Time (s),X (m),Y (m),Z (m),E0,E1,E2,E3,W1 (rad/s),W2 (rad/s),W3 (rad/s)
0.000000,0.000000,0.000000,102.119377,0.000000,0.000000,0.000000,0.999048,-0.043619,0.000000,0.000000,0.000000,0.000000,0.000000
0.001958,0.000000,0.000000,102.119377,0.000000,0.000000,0.000000,0.999048,-0.043619,0.000000,0.000000,0.000000,0.000000,0.000000
0.003916,0.000000,0.000000,102.119377,0.000000,0.000000,0.000000,0.999048,-0.043619,0.000000,0.000000,0.000000,0.000000,0.000000
0.007833,0.000000,0.000000,102.119377,0.000000,0.000000,0.000000,0.999048,-0.043619,0.000000,0.000000,0.000000,0.000000,0.000000
0.008526,0.000000,0.000000,102.119377,0.000000,0.000000,0.000000,0.999048,-0.043619,0.000000,0.000000,0.000000,0.000000,0.000000
0.009220,0.000000,0.000000,102.119377,0.000000,0.000000,0.000000,0.999048,-0.043619,0.000000,0.000000,0.000000,0.000000,0.000000
0.010607,0.000000,0.000000,102.119381,0.000000,0.000515,0.005883,0.999048,-0.043619,0.000000,0.000000,0.000000,0.000000,0.000000
0.011994,0.000000,0.000002,102.119399,0.000000,0.001752,0.020029,0.999048,-0.043619,0.000000,0.000000,0.000000,0.000000,0.000000
0.013381,0.000000,0.000006,102.119440,0.000000,0.003406,0.038936,0.999048,-0.043619,0.000000,0.000000,0.000000,0.000000,0.000000
0.018621,0.000000,0.000050,102.119944,0.000000,0.013413,0.153316,0.999048,-0.043619,0.000000,0.000000,0.000000,0.000000,0.000000
0.021999,0.000000,0.000110,102.120640,0.000000,0.022637,0.258745,0.999048,-0.043619,0.000000,0.000000,0.000000,0.000000,0.000000
0.025377,0.000000,0.000205,102.121720,0.000000,0.033313,0.380772,0.999048,-0.043619,0.000000,0.000000,0.000000,0.000000,0.000000
0.028755,0.000000,0.000338,102.123235,0.000000,0.045180,0.516415,0.999048,-0.043619,0.000000,0.000000,0.000000,0.000000,0.000000
0.032965,0.000000,0.000561,102.125795,0.000000,0.061216,0.699707,0.999048,-0.043619,0.000000,0.000000,0.000000,0.000000,0.000000
0.037175,0.000000,0.000855,102.129146,0.000000,0.078084,0.892501,0.999048,-0.043619,0.000000,0.000000,0.000000,0.000000,0.000000
0.041385,0.000000,0.001220,102.133323,0.000000,0.095515,1.091743,0.999048,-0.043619,0.000000,0.000000,0.000000,0.000000,0.000000
0.047696,0.000000,0.001907,102.141173,0.000000,0.122120,1.395839,0.999048,-0.043619,0.000000,0.000000,0.000000,0.000000,0.000000
0.054007,0.000000,0.002762,102.150950,0.000000,0.148961,1.702633,0.999048,-0.043619,0.000000,0.000000,0.000000,0.000000,0.000000
0.060318,0.000000,0.003788,102.162672,0.000000,0.176038,2.012125,0.999048,-0.043619,0.000000,0.000000,0.000000,0.000000,0.000000
0.123427,0.000000,0.023717,102.390460,0.000000,0.459631,5.253611,0.999048,-0.043619,0.000000,0.000000,0.000000,0.000000,0.000000
0.132228,0.000000,0.027944,102.438775,0.000000,0.500940,5.725776,0.999048,-0.043619,0.000000,0.000000,0.000000,0.000000,0.000000
0.141029,0.000000,0.032535,102.491258,0.000000,0.542494,6.200730,0.999048,-0.043619,0.000000,0.000000,0.000000,0.000000,0.000000
0.149830,0.000000,0.037494,102.547931,0.000000,0.584240,6.677892,0.999048,-0.043619,0.000000,0.000000,0.000000,0.000000,0.000000
0.167432,0.000000,0.048517,102.673934,0.000000,0.668307,7.638784,0.999048,-0.043619,0.000000,0.000000,0.000000,0.000000,0.000000
0.185035,0.000000,0.061028,102.816927,0.000000,0.753139,8.608413,0.999048,-0.043619,0.000000,0.000000,0.000000,0.000000,0.000000
0.202637,0.000000,0.075038,102.977065,0.000000,0.838746,9.586914,0.999048,-0.043619,0.000000,0.000000,0.000000,0.000000,0.000000
0.241174,0.000000,0.111019,103.388331,0.000000,1.028603,11.756986,0.999048,-0.043619,0.000000,0.000000,0.000000,0.000000,0.000000
0.279711,0.000000,0.154368,103.883814,0.000000,1.221139,13.957677,0.999048,-0.043619,0.000000,0.000000,0.000000,0.000000,0.000000
0.318248,0.000000,0.205179,104.464580,0.000000,1.415824,16.182945,0.999048,-0.043619,0.000000,0.000000,0.000000,0.000000,0.000000
0.358372,0.000000,0.266097,105.160875,0.000000,1.620617,18.523737,0.999048,-0.043619,0.000000,0.000000,0.000000,0.000000,0.000000
0.381899,0.000000,0.305643,105.612896,0.000000,1.741270,19.902804,0.999048,-0.043619,0.000000,0.000000,0.000000,0.000000,0.000000
0.405425,0.000000,0.348023,106.097302,0.000000,1.861481,21.276828,0.999048,-0.043619,0.000000,0.000000,0.000000,0.000000,0.000000
0.428952,0.000000,0.393220,106.613907,0.000000,1.980751,22.640083,0.999048,-0.043619,0.000000,0.000000,0.000000,0.000000,0.000000
0.458158,0.000000,0.453210,107.299593,0.000000,2.127398,24.316265,0.999048,-0.043619,0.000000,0.000000,0.000000,0.000000,0.000000
0.458362,-0.000000,0.453644,107.304548,-0.000072,2.128472,24.327885,0.999048,-0.043621,0.000001,-0.000000,-0.014411,0.008894,0.000000
0.458566,-0.000000,0.454077,107.309505,-0.000143,2.129546,24.339505,0.999048,-0.043624,0.000003,-0.000000,-0.028771,0.017757,-0.000000
0.458973,-0.000000,0.454945,107.319425,-0.000287,2.131695,24.362742,0.999048,-0.043633,0.000008,-0.000000,-0.057389,0.035416,0.000000
0.459381,-0.000000,0.455814,107.329354,-0.000430,2.133843,24.385976,0.999047,-0.043647,0.000017,-0.000001,-0.085801,0.052943,0.000000
0.459788,-0.000000,0.456684,107.339293,-0.000573,2.135992,24.409206,0.999046,-0.043667,0.000030,-0.000001,-0.114001,0.070337,-0.000000
0.463467,-0.000005,0.464579,107.429489,-0.001804,2.155480,24.618875,0.999027,-0.044105,0.000299,-0.000013,-0.358477,0.220944,-0.000000
0.467147,-0.000013,0.472546,107.520456,-0.002821,2.175287,24.828261,0.998988,-0.044972,0.000834,-0.000036,-0.582464,0.358603,-0.000000
0.470826,-0.000025,0.480587,107.612192,-0.003483,2.195643,25.037340,0.998929,-0.046231,0.001608,-0.000070,-0.783442,0.481785,-0.000000
0.474505,-0.000038,0.488704,107.704697,-0.003660,2.216756,25.246091,0.998852,-0.047836,0.002595,-0.000113,-0.959313,0.589224,-0.000000
0.480146,-0.000057,0.501303,107.848006,-0.002737,2.251009,25.565436,0.998696,-0.050859,0.004451,-0.000194,-1.176564,0.721204,0.000000
0.485787,-0.000066,0.514104,107.993113,-0.000086,2.288001,25.883883,0.998497,-0.054401,0.006620,-0.000289,-1.327435,0.811835,0.000000
0.491428,-0.000055,0.527121,108.140013,0.004517,2.328102,26.201355,0.998260,-0.058272,0.008986,-0.000392,-1.411049,0.860711,-0.000000
0.497068,-0.000011,0.540374,108.288702,0.011199,2.371520,26.517779,0.997993,-0.062284,0.011432,-0.000499,-1.429298,0.869137,0.000000
0.502709,0.000076,0.553882,108.439172,0.019985,2.418303,26.833076,0.997706,-0.066259,0.013848,-0.000604,-1.386704,0.840040,-0.000000
0.508130,0.000211,0.567120,108.585450,0.030349,2.466331,27.134933,0.997425,-0.069893,0.016048,-0.000699,-1.294840,0.780790,-0.000000
0.513551,0.000408,0.580626,108.733361,0.042461,2.517160,27.435652,0.997152,-0.073220,0.018052,-0.000786,-1.161046,0.695906,-0.000000
0.518972,0.000674,0.594415,108.882900,0.056132,2.570493,27.735270,0.996900,-0.076137,0.019797,-0.000861,-0.994561,0.591174,-0.000000
0.524393,0.001019,0.608499,109.034060,0.071125,2.625955,28.033817,0.996682,-0.078572,0.021239,-0.000923,-0.805479,0.472890,-0.000000
0.529814,0.001447,0.622888,109.186835,0.087172,2.683119,28.331352,0.996505,-0.080476,0.022350,-0.000969,-0.604274,0.347559,-0.000000
0.533012,0.001742,0.631525,109.277731,0.097019,2.717463,28.506458,0.996424,-0.081343,0.022845,-0.000990,-0.484089,0.272917,-0.000000
0.536210,0.002068,0.640272,109.369185,0.107073,2.752147,28.681257,0.996360,-0.082019,0.023222,-0.001005,-0.365319,0.199308,-0.000000
0.539409,0.002427,0.649130,109.461199,0.117278,2.787079,28.855768,0.996313,-0.082508,0.023483,-0.001015,-0.249883,0.127913,-0.000000
0.542607,0.002819,0.658100,109.553770,0.127574,2.822167,29.030010,0.996284,-0.082818,0.023632,-0.001020,-0.139568,0.059830,-0.000000
0.547245,0.003445,0.671307,109.688984,0.142558,2.873144,29.282211,0.996271,-0.082967,0.023664,-0.001019,0.008077,-0.031039,-0.000000
0.551882,0.004141,0.684749,109.825366,0.157468,2.924023,29.533932,0.996289,-0.082796,0.023498,-0.001010,0.137454,-0.110362,-0.000000
0.556520,0.004905,0.698427,109.962914,0.172169,2.974585,29.785211,0.996334,-0.082350,0.023164,-0.000992,0.245354,-0.176197,-0.000000
0.561158,0.005737,0.712338,110.101627,0.186551,3.024647,30.036086,0.996399,-0.081681,0.022695,-0.000969,0.329619,-0.227260,-0.000000
0.566993,0.006877,0.730169,110.277819,0.204059,3.086718,30.351224,0.996503,-0.080611,0.021965,-0.000934,0.400576,-0.269677,-0.000000
0.572828,0.008117,0.748360,110.455850,0.220806,3.147581,30.665794,0.996619,-0.079391,0.021148,-0.000895,0.432700,-0.288012,-0.000000
0.578664,0.009452,0.766902,110.635714,0.236737,3.207145,30.979805,0.996736,-0.078130,0.020309,-0.000855,0.428681,-0.284027,-0.000000
0.584499,0.010878,0.785787,110.817409,0.251862,3.265416,31.293248,0.996845,-0.076928,0.019511,-0.000817,0.393342,-0.260788,-0.000000
0.585826,0.011215,0.790129,110.858984,0.255195,3.278495,31.364448,0.996868,-0.076672,0.019341,-0.000809,0.381572,-0.253219,-0.000000
0.587153,0.011556,0.794489,110.900653,0.258489,3.291512,31.435617,0.996891,-0.076424,0.019176,-0.000801,0.368597,-0.244915,-0.000000
0.588480,0.011901,0.798865,110.942417,0.261747,3.304471,31.506755,0.996912,-0.076185,0.019017,-0.000793,0.354506,-0.235931,-0.000000
0.592488,0.012969,0.812188,111.069131,0.271377,3.343270,31.721420,0.996971,-0.075523,0.018574,-0.000772,0.306027,-0.205208,-0.000000
0.596497,0.014076,0.825665,111.196704,0.280726,3.381610,31.935784,0.997020,-0.074966,0.018198,-0.000754,0.250742,-0.170394,-0.000000
0.600505,0.015219,0.839296,111.325136,0.289835,3.419552,32.149783,0.997058,-0.074524,0.017894,-0.000739,0.191188,-0.133063,-0.000000
0.604513,0.016399,0.853077,111.454425,0.298748,3.457155,32.363287,0.997086,-0.074203,0.017666,-0.000728,0.129893,-0.094783,-0.000000
0.609241,0.017836,0.869527,111.608040,0.309083,3.501184,32.614423,0.997106,-0.073981,0.017495,-0.000719,0.058855,-0.050569,-0.000000
0.613969,0.019322,0.886185,111.762840,0.319291,3.544966,32.864765,0.997112,-0.073921,0.017424,-0.000715,-0.007902,-0.009163,-0.000000
0.615962,0.019962,0.893269,111.828446,0.323573,3.563373,32.970052,0.997110,-0.073942,0.017423,-0.000715,-0.034094,0.007042,-0.000000
0.617955,0.020611,0.900389,111.894261,0.327851,3.581767,33.075196,0.997106,-0.073988,0.017438,-0.000715,-0.058793,0.022299,-0.000000
0.619948,0.021269,0.907546,111.960286,0.332130,3.600155,33.180194,0.997101,-0.074058,0.017467,-0.000716,-0.081835,0.036510,-0.000000
0.623935,0.022610,0.921970,112.092963,0.340709,3.636940,33.389750,0.997084,-0.074262,0.017565,-0.000720,-0.122472,0.061504,-0.000000
0.627921,0.023985,0.936541,112.226475,0.349344,3.673783,33.598704,0.997061,-0.074539,0.017709,-0.000725,-0.155076,0.081466,-0.000000
0.631907,0.025395,0.951258,112.360818,0.358061,3.710724,33.807048,0.997032,-0.074873,0.017886,-0.000733,-0.179233,0.096161,-0.000000
0.635893,0.026840,0.966123,112.495990,0.366877,3.747794,34.014778,0.997001,-0.075246,0.018088,-0.000741,-0.194884,0.105567,-0.000000
0.641953,0.029104,0.989006,112.703068,0.380495,3.804434,34.329398,0.996949,-0.075852,0.018417,-0.000755,-0.203275,0.110327,-0.000000
0.646945,0.031032,1.008117,112.875106,0.391919,3.851374,34.587531,0.996905,-0.076353,0.018689,-0.000766,-0.197501,0.106424,-0.000000
0.651938,0.033018,1.027463,113.048429,0.403512,3.898513,34.844431,0.996864,-0.076829,0.018945,-0.000777,-0.182282,0.096725,-0.000000
0.655915,0.034641,1.043044,113.187424,0.412850,3.936165,35.048050,0.996834,-0.077174,0.019127,-0.000784,-0.164943,0.085821,-0.000000
0.659893,0.036302,1.058774,113.327228,0.422261,3.973870,35.250705,0.996807,-0.077482,0.019285,-0.000791,-0.144397,0.072982,-0.000000
0.663870,0.038000,1.074655,113.467836,0.431726,4.011601,35.452390,0.996784,-0.077747,0.019417,-0.000796,-0.121945,0.059017,-0.000000
0.667847,0.039736,1.090686,113.609244,0.441228,4.049327,35.653105,0.996765,-0.077966,0.019520,-0.000800,-0.098830,0.044694,-0.000000
0.673948,0.042473,1.115566,113.827693,0.455829,4.107114,35.959100,0.996743,-0.078214,0.019624,-0.000803,-0.064642,0.023606,-0.000000
0.680049,0.045298,1.140799,114.048002,0.470412,4.164730,36.262953,0.996731,-0.078364,0.019667,-0.000803,-0.035001,0.005434,-0.000000
0.685003,0.047658,1.161547,114.228258,0.482201,4.211339,36.508221,0.996726,-0.078425,0.019665,-0.000802,-0.015978,-0.006143,-0.000000
0.689957,0.050076,1.182525,114.409726,0.493922,4.257761,36.752259,0.996725,-0.078446,0.019638,-0.000799,-0.002225,-0.014426,-0.000000
0.694911,0.052552,1.203733,114.592400,0.505561,4.303975,36.995113,0.996726,-0.078440,0.019596,-0.000796,0.006104,-0.019336,-0.000000
0.699865,0.055085,1.225169,114.776274,0.517106,4.349965,37.236794,0.996729,-0.078420,0.019545,-0.000793,0.009279,-0.021056,-0.000000
0.704819,0.057675,1.246832,114.961343,0.528557,4.395727,37.477302,0.996731,-0.078397,0.019494,-0.000789,0.007920,-0.019982,-0.000000
0.711845,0.061445,1.277944,115.225855,0.544639,4.460246,37.816418,0.996734,-0.078382,0.019432,-0.000784,-0.000020,-0.014778,-0.000000
0.718872,0.065328,1.309508,115.492743,0.560559,4.524357,38.153260,0.996733,-0.078403,0.019394,-0.000781,-0.012224,-0.007000,-0.000000
0.725898,0.069322,1.341520,115.761988,0.576348,4.588107,38.487804,0.996728,-0.078470,0.019384,-0.000779,-0.025622,0.001450,-0.000000
0.732924,0.073427,1.373980,116.033576,0.592038,4.651531,38.819917,0.996719,-0.078582,0.019404,-0.000778,-0.037659,0.008998,-0.000000
0.739950,0.077641,1.406884,116.307489,0.607655,4.714662,39.149512,0.996706,-0.078730,0.019446,-0.000779,-0.046593,0.014581,-0.000000
0.746976,0.081966,1.440231,116.583708,0.623215,4.777513,39.476429,0.996691,-0.078904,0.019503,-0.000780,-0.051614,0.017718,0.000000
0.756664,0.088107,1.486934,116.968326,0.644595,4.863728,39.922688,0.996669,-0.079157,0.019592,-0.000782,-0.052363,0.018214,0.000000
0.766352,0.094455,1.534470,117.357242,0.665883,4.949407,40.363618,0.996648,-0.079400,0.019674,-0.000784,-0.048106,0.015633,0.000000
0.776040,0.101009,1.582833,117.750403,0.687058,5.034516,40.799254,0.996630,-0.079617,0.019740,-0.000785,-0.042032,0.011965,-0.000000
0.784018,0.106559,1.623276,118.077318,0.704389,5.104142,41.154057,0.996616,-0.079774,0.019782,-0.000785,-0.037610,0.009327,0.000000
0.791996,0.112248,1.664274,118.407048,0.721608,5.173319,41.505271,0.996604,-0.079917,0.019815,-0.000785,-0.034589,0.007573,0.000000
0.799974,0.118073,1.705821,118.739567,0.738707,5.242037,41.852912,0.996593,-0.080051,0.019844,-0.000784,-0.033130,0.006790,0.000000
0.807952,0.124034,1.747914,119.074845,0.755684,5.310292,42.197022,0.996582,-0.080183,0.019871,-0.000784,-0.033012,0.006831,0.000000
0.815930,0.130131,1.790551,119.412854,0.772539,5.378079,42.537576,0.996571,-0.080316,0.019900,-0.000783,-0.033792,0.007416,0.000000
0.823908,0.136361,1.833726,119.753566,0.789272,5.445398,42.874570,0.996559,-0.080452,0.019931,-0.000783,-0.034922,0.008204,0.000000
0.834869,0.145137,1.893916,120.226020,0.812064,5.537107,43.331602,0.996542,-0.080647,0.019978,-0.000783,-0.036179,0.009088,0.000000
0.845830,0.154162,1.955106,120.703445,0.834630,5.627903,43.781629,0.996525,-0.080846,0.020030,-0.000783,-0.036538,0.009408,0.000000
0.856791,0.163433,2.017286,121.185765,0.856972,5.717778,44.224598,0.996508,-0.081045,0.020081,-0.000783,-0.036035,0.009197,0.000000
0.867752,0.172947,2.080446,121.672899,0.879070,5.806660,44.660116,0.996491,-0.081240,0.020131,-0.000783,-0.035112,0.008729,0.000000
0.878713,0.182702,2.144574,122.164764,0.900902,5.894465,45.087762,0.996475,-0.081430,0.020178,-0.000783,-0.034296,0.008326,0.000000
0.889674,0.192695,2.209659,122.661272,0.922455,5.981151,45.507360,0.996458,-0.081616,0.020223,-0.000783,-0.033880,0.008167,0.000000
0.900635,0.202923,2.275687,123.162335,0.943726,6.066707,45.918919,0.996442,-0.081801,0.020268,-0.000783,-0.033844,0.008236,0.000000
0.911595,0.213383,2.342647,123.667865,0.964705,6.151097,46.322249,0.996426,-0.081986,0.020313,-0.000783,-0.033962,0.008394,0.000000
0.925296,0.226777,2.427634,124.305894,0.990469,6.254739,46.813659,0.996406,-0.082217,0.020371,-0.000783,-0.033991,0.008509,0.000000
0.938997,0.240520,2.514025,124.950554,1.015695,6.356212,47.290242,0.996386,-0.082448,0.020429,-0.000783,-0.033664,0.008403,0.000000
0.952698,0.254606,2.601792,125.601642,1.040370,6.455461,47.751748,0.996366,-0.082676,0.020485,-0.000783,-0.033170,0.008191,0.000000
0.966398,0.269024,2.690900,126.258927,1.064356,6.551938,48.195035,0.996346,-0.082901,0.020541,-0.000783,-0.032778,0.008033,0.000000
0.980099,0.283765,2.781302,126.922115,1.087378,6.644539,48.613653,0.996326,-0.083125,0.020596,-0.000783,-0.032598,0.008001,0.000000
0.981857,0.285679,2.792994,127.007630,1.090271,6.656176,48.665795,0.996324,-0.083153,0.020603,-0.000783,-0.032591,0.008006,0.000000
0.983615,0.287599,2.804707,127.093237,1.093157,6.667787,48.717761,0.996321,-0.083182,0.020610,-0.000783,-0.032585,0.008012,0.000000
0.985373,0.289523,2.816440,127.178935,1.096035,6.679361,48.769482,0.996318,-0.083210,0.020617,-0.000783,-0.032578,0.008017,0.000000
0.988890,0.293387,2.839967,127.350601,1.101757,6.702381,48.872091,0.996313,-0.083267,0.020631,-0.000783,-0.032564,0.008027,0.000000
0.992406,0.297271,2.863574,127.522626,1.107438,6.725231,48.973601,0.996308,-0.083324,0.020645,-0.000783,-0.032546,0.008034,0.000000
0.995922,0.301175,2.887262,127.695006,1.113077,6.747912,49.074006,0.996303,-0.083381,0.020660,-0.000783,-0.032523,0.008037,0.000000
1.017515,0.325571,3.034422,128.760987,1.146841,6.883727,49.668116,0.996272,-0.083729,0.020746,-0.000783,-0.032288,0.007996,0.000000
1.039108,0.350675,3.184432,129.839266,1.179013,7.013135,50.221108,0.996241,-0.084075,0.020832,-0.000783,-0.031972,0.007903,0.000000
1.060702,0.376456,3.337163,130.929019,1.209594,7.136141,50.733352,0.996211,-0.084417,0.020917,-0.000783,-0.031741,0.007836,0.000000
1.089521,0.411852,3.544983,132.399680,1.247978,7.290539,51.355405,0.996170,-0.084872,0.021029,-0.000783,-0.031518,0.007779,0.000000
1.111762,0.439908,3.708334,133.546442,1.275772,7.402335,51.789276,0.996138,-0.085220,0.021115,-0.000783,-0.031374,0.007747,0.000000
1.134003,0.468565,3.874109,134.702463,1.302054,7.508050,52.185233,0.996107,-0.085567,0.021201,-0.000783,-0.031251,0.007719,0.000000
1.156243,0.497791,4.042168,135.866880,1.326829,7.607708,52.543739,0.996075,-0.085912,0.021287,-0.000783,-0.031155,0.007695,0.000000
1.178177,0.527135,4.210003,137.022584,1.349669,7.699577,52.858172,0.996044,-0.086252,0.021371,-0.000783,-0.031075,0.007674,0.000000
1.200111,0.556961,4.379782,138.184750,1.370877,7.784883,53.132966,0.996013,-0.086591,0.021455,-0.000783,-0.031022,0.007660,0.000000
1.201666,0.559095,4.391894,138.267402,1.372318,7.790681,53.150933,0.996010,-0.086615,0.021461,-0.000783,-0.031023,0.007660,0.000000
1.203221,0.561230,4.404016,138.350082,1.373744,7.796417,53.168541,0.996008,-0.086640,0.021467,-0.000783,-0.031024,0.007660,0.000000
1.204777,0.563368,4.416146,138.432789,1.375149,7.802069,53.185663,0.996006,-0.086664,0.021473,-0.000783,-0.031026,0.007661,0.000000
1.207887,0.567650,4.440433,138.598282,1.377897,7.813119,53.218425,0.996002,-0.086712,0.021485,-0.000783,-0.031027,0.007661,0.000000
1.210998,0.571940,4.464753,138.763874,1.380550,7.823794,53.249018,0.995997,-0.086760,0.021497,-0.000783,-0.031026,0.007661,0.000000
1.214109,0.576238,4.489107,138.929558,1.383108,7.834081,53.277366,0.995993,-0.086808,0.021509,-0.000783,-0.031024,0.007661,0.000000
1.217219,0.580545,4.513491,139.095326,1.385569,7.843982,53.303487,0.995988,-0.086856,0.021521,-0.000783,-0.031020,0.007660,0.000000
1.226196,0.593012,4.584024,139.574109,1.392234,7.870790,53.368660,0.995975,-0.086994,0.021555,-0.000783,-0.031014,0.007659,0.000000
1.235173,0.605536,4.654785,140.053400,1.398302,7.895199,53.419979,0.995962,-0.087133,0.021589,-0.000783,-0.031020,0.007660,0.000000
1.244150,0.618112,4.725754,140.533090,1.403811,7.917357,53.458320,0.995950,-0.087272,0.021624,-0.000783,-0.031035,0.007664,0.000000
1.255616,0.634242,4.816667,141.146148,1.410054,7.942469,53.488971,0.995933,-0.087449,0.021668,-0.000783,-0.031070,0.007673,0.000000
1.267081,0.650437,4.907848,141.759447,1.415496,7.964360,53.501151,0.995917,-0.087626,0.021712,-0.000783,-0.031116,0.007684,0.000000
1.278547,0.666692,4.999263,142.372789,1.420196,7.983266,53.496259,0.995900,-0.087804,0.021756,-0.000783,-0.031173,0.007698,0.000000
1.291165,0.684640,5.100110,143.047675,1.424549,8.000773,53.472063,0.995882,-0.088000,0.021804,-0.000783,-0.031249,0.007717,0.000000
1.303783,0.702639,5.201164,143.722174,1.428152,8.015266,53.430736,0.995863,-0.088197,0.021853,-0.000783,-0.031338,0.007739,0.000000
1.316402,0.720680,5.302383,144.396052,1.431085,8.027065,53.374151,0.995845,-0.088394,0.021902,-0.000783,-0.031435,0.007763,0.000000
1.329020,0.738754,5.403736,145.069135,1.433519,8.036855,53.306209,0.995826,-0.088592,0.021951,-0.000783,-0.031552,0.007792,0.000000
1.341638,0.756856,5.505202,145.741297,1.435547,8.045013,53.229053,0.995807,-0.088790,0.022000,-0.000783,-0.031650,0.007816,0.000000
1.354256,0.774982,5.606760,146.412428,1.437202,8.051668,53.143449,0.995788,-0.088990,0.022049,-0.000783,-0.031771,0.007845,0.000000
1.366874,0.793125,5.708393,147.082424,1.438492,8.056858,53.049640,0.995769,-0.089189,0.022099,-0.000783,-0.031885,0.007874,0.000000
1.389666,0.825924,5.892073,148.289269,1.439876,8.062424,52.859045,0.995735,-0.089553,0.022189,-0.000783,-0.032120,0.007932,0.000000
1.401585,0.843086,5.988171,148.918626,1.439987,8.062870,52.745728,0.995716,-0.089744,0.022236,-0.000783,-0.032246,0.007963,0.000000
1.413505,0.860246,6.084261,149.546554,1.439535,8.061051,52.619967,0.995698,-0.089935,0.022284,-0.000783,-0.032379,0.007996,0.000000
1.415314,0.862850,6.098842,149.641718,1.439416,8.060574,52.599778,0.995695,-0.089964,0.022291,-0.000783,-0.032400,0.008001,0.000000
1.417123,0.865453,6.113422,149.736846,1.439283,8.060040,52.579280,0.995692,-0.089994,0.022298,-0.000783,-0.032421,0.008006,0.000000
1.418932,0.868057,6.128001,149.831937,1.439137,8.059450,52.558473,0.995690,-0.090023,0.022305,-0.000783,-0.032443,0.008012,0.000000
1.422549,0.873262,6.157155,150.021999,1.438723,8.057784,52.514202,0.995684,-0.090081,0.022320,-0.000783,-0.032487,0.008022,0.000000
1.426167,0.878466,6.186302,150.211900,1.438264,8.055939,52.468954,0.995678,-0.090140,0.022334,-0.000783,-0.032533,0.008034,0.000000
1.429785,0.883669,6.215443,150.401637,1.437791,8.054036,52.423392,0.995673,-0.090198,0.022349,-0.000783,-0.032582,0.008046,0.000000
1.436992,0.894024,6.273463,150.778809,1.436835,8.050193,52.332380,0.995661,-0.090316,0.022378,-0.000783,-0.032667,0.008067,0.000000
1.444199,0.904373,6.331455,151.155325,1.435881,8.046356,52.241432,0.995650,-0.090433,0.022407,-0.000783,-0.032751,0.008088,0.000000
1.475986,0.949948,6.586953,152.809536,1.431691,8.029501,51.840945,0.995600,-0.090955,0.022536,-0.000783,-0.033205,0.008200,0.000000
1.507773,0.995391,6.841918,154.451044,1.427538,8.012796,51.441813,0.995548,-0.091484,0.022667,-0.000783,-0.033665,0.008313,0.000000
1.539559,1.040702,7.096355,156.079887,1.423420,7.996231,51.043971,0.995496,-0.092020,0.022800,-0.000783,-0.034115,0.008424,0.000000
1.636590,1.178224,7.869848,160.974375,1.411086,7.946620,49.837858,0.995329,-0.093702,0.023217,-0.000782,-0.035525,0.008772,0.000000
1.716035,1.289941,8.499612,164.895031,1.401237,7.907003,48.859236,0.995185,-0.095130,0.023571,-0.000782,-0.036732,0.009071,0.000000
1.763402,1.356177,8.873595,167.195638,1.395473,7.883820,48.279522,0.995096,-0.096008,0.023788,-0.000782,-0.037650,0.009294,0.000000
1.767661,1.362121,8.907174,167.401189,1.394959,7.881752,48.227523,0.995088,-0.096087,0.023808,-0.000782,-0.037617,0.009290,0.000000
1.771921,1.368062,8.940745,167.606519,1.394445,7.879687,48.175546,0.995080,-0.096167,0.023828,-0.000782,-0.037467,0.009261,0.000000
1.776181,1.374001,8.974306,167.811627,1.393933,7.877625,48.123591,0.995071,-0.096246,0.023847,-0.000782,-0.037259,0.009220,0.000000
1.784701,1.385872,9.041403,168.221180,1.392909,7.873511,48.019747,0.995055,-0.096403,0.023886,-0.000782,-0.036924,0.009154,0.000000
1.793220,1.397735,9.108465,168.629848,1.391889,7.869406,47.915991,0.995039,-0.096560,0.023925,-0.000782,-0.036787,0.009130,0.000000
1.801740,1.409589,9.175492,169.037634,1.390872,7.865317,47.812350,0.995023,-0.096716,0.023964,-0.000782,-0.036857,0.009150,0.000000
1.814848,1.427810,9.278547,169.663301,1.389313,7.859047,47.653073,0.994998,-0.096957,0.024024,-0.000782,-0.037195,0.009229,0.000000
1.827955,1.446011,9.381521,170.286881,1.387760,7.852802,47.494011,0.994973,-0.097201,0.024085,-0.000782,-0.037534,0.009309,0.000000
1.841063,1.464191,9.484412,170.908378,1.386213,7.846584,47.335166,0.994947,-0.097446,0.024146,-0.000782,-0.037824,0.009378,0.000000
1.854171,1.482351,9.587222,171.527794,1.384674,7.840393,47.176539,0.994922,-0.097693,0.024207,-0.000782,-0.038038,0.009431,0.000000
1.888649,1.530023,9.857266,173.147177,1.380655,7.824234,46.760311,0.994853,-0.098349,0.024371,-0.000782,-0.038524,0.009556,0.000000
1.923127,1.577556,10.126756,174.752234,1.376679,7.808246,46.345503,0.994783,-0.099015,0.024536,-0.000782,-0.039101,0.009700,0.000000
1.957605,1.624954,10.395697,176.343013,1.372744,7.792423,45.932068,0.994711,-0.099692,0.024705,-0.000782,-0.039769,0.009863,0.000000
1.992084,1.672216,10.664095,177.919560,1.368848,7.776761,45.519977,0.994638,-0.100379,0.024876,-0.000782,-0.040447,0.010029,0.000000
2.067450,1.775064,11.248926,181.316418,1.360473,7.743090,44.623852,0.994471,-0.101921,0.025259,-0.000782,-0.041890,0.010387,0.000000
2.142816,1.877289,11.831249,184.645975,1.352291,7.710194,43.734023,0.994296,-0.103517,0.025657,-0.000782,-0.043371,0.010754,0.000000
2.218182,1.978903,12.411121,187.908699,1.344295,7.678051,42.850288,0.994112,-0.105172,0.026068,-0.000782,-0.044963,0.011148,0.000000
2.293548,2.079921,12.988594,191.105024,1.336456,7.646540,41.971988,0.993918,-0.106887,0.026495,-0.000782,-0.046644,0.011564,0.000000
2.403011,2.225604,13.823158,195.630023,1.325404,7.602118,40.706816,0.993616,-0.109493,0.027143,-0.000782,-0.049244,0.012207,0.000000
2.512473,2.370099,14.652943,200.017182,1.314734,7.559233,39.453514,0.993290,-0.112245,0.027828,-0.000782,-0.052035,0.012898,0.000000
2.621936,2.513442,15.478102,204.267715,1.304378,7.517614,38.210611,0.992937,-0.115154,0.028551,-0.000782,-0.055059,0.013646,0.000000
2.731398,2.655669,16.298773,208.382747,1.294323,7.477207,36.977605,0.992552,-0.118235,0.029317,-0.000782,-0.058368,0.014464,0.000000
2.840860,2.796813,17.115095,212.363376,1.284596,7.438120,35.754674,0.992133,-0.121500,0.030129,-0.000782,-0.061935,0.015347,0.000000
2.950323,2.936915,17.927225,216.210733,1.275254,7.400585,34.542448,0.991676,-0.124965,0.030990,-0.000782,-0.065807,0.016305,0.000000
3.059785,3.076012,18.735323,219.925936,1.266272,7.364498,33.340214,0.991176,-0.128649,0.031906,-0.000782,-0.070025,0.017348,0.000000
3.169248,3.214144,19.539541,223.510040,1.257616,7.329726,32.147164,0.990627,-0.132571,0.032881,-0.000782,-0.074693,0.018503,0.000000
3.278710,3.351346,20.340023,226.964030,1.249273,7.296211,30.962788,0.990023,-0.136756,0.033921,-0.000782,-0.079827,0.019774,0.000000
3.388172,3.487651,21.136902,230.288829,1.241228,7.263894,29.786597,0.989356,-0.141228,0.035033,-0.000782,-0.085404,0.021154,0.000000
3.512102,3.640928,22.034914,233.898208,1.232466,7.228702,28.464327,0.988514,-0.146672,0.036386,-0.000781,-0.092383,0.022880,0.000000
3.599758,3.748698,22.667501,236.352524,1.226484,7.204679,27.534792,0.987856,-0.150789,0.037409,-0.000781,-0.097826,0.024227,0.000000
3.687415,3.855953,23.298015,238.725566,1.220684,7.181385,26.609882,0.987138,-0.155151,0.038493,-0.000781,-0.103804,0.025706,0.000000
3.775072,3.962706,23.926517,241.017726,1.215059,7.158792,25.689385,0.986354,-0.159780,0.039643,-0.000780,-0.110364,0.027329,0.000000
3.862729,4.068974,24.553067,243.229381,1.209599,7.136868,24.773068,0.985495,-0.164697,0.040864,-0.000780,-0.117431,0.029078,0.000000
3.997643,4.231614,25.513715,246.476864,1.201507,7.104373,23.370480,0.984004,-0.172885,0.042899,-0.000779,-0.129417,0.032043,0.000000
4.012375,4.249310,25.618358,246.820055,1.200644,7.100908,23.217843,0.983828,-0.173828,0.043133,-0.000779,-0.130903,0.032411,0.000000
4.027108,4.266992,25.722949,247.160999,1.199784,7.097454,23.065294,0.983648,-0.174782,0.043370,-0.000779,-0.132433,0.032789,-0.000000
4.041841,4.284662,25.827491,247.499696,1.198926,7.094010,22.912828,0.983466,-0.175747,0.043610,-0.000779,-0.133946,0.033164,-0.000000
4.056574,4.302320,25.931981,247.836147,1.198076,7.090597,22.760503,0.983280,-0.176722,0.043852,-0.000779,-0.135433,0.033532,-0.000000
4.086040,4.337597,26.140812,248.502323,1.196391,7.083829,22.456175,0.982900,-0.178705,0.044345,-0.000779,-0.138451,0.034278,-0.000000
4.115506,4.372826,26.349446,249.159540,1.194726,7.077148,22.152298,0.982506,-0.180732,0.044848,-0.000778,-0.141579,0.035052,-0.000000
4.144972,4.408005,26.557884,249.807810,1.193081,7.070542,21.848841,0.982099,-0.182805,0.045363,-0.000778,-0.144840,0.035859,-0.000000
4.182203,4.452387,26.820975,250.614141,1.191030,7.062305,21.466010,0.981564,-0.185491,0.046030,-0.000778,-0.149162,0.036928,-0.000000
4.219434,4.496692,27.083761,251.406227,1.188998,7.054147,21.083727,0.981005,-0.188256,0.046717,-0.000778,-0.153674,0.038045,-0.000000
4.256666,4.540922,27.346243,252.184088,1.186971,7.046007,20.701834,0.980420,-0.191103,0.047425,-0.000777,-0.158339,0.039199,-0.000000
4.293897,4.585078,27.608426,252.947746,1.184986,7.038040,20.320701,0.979809,-0.194035,0.048153,-0.000777,-0.163185,0.040398,-0.000000
4.345640,4.646322,27.972314,253.985520,1.182286,7.027198,19.792121,0.978911,-0.198258,0.049202,-0.000776,-0.170246,0.042145,-0.000000
4.397383,4.707429,28.335647,254.995974,1.179646,7.016601,19.264750,0.977953,-0.202661,0.050296,-0.000776,-0.177770,0.044007,-0.000000
4.449126,4.768400,28.698437,255.979169,1.177057,7.006207,18.738466,0.976930,-0.207257,0.051437,-0.000775,-0.185789,0.045990,-0.000000
4.500869,4.829237,29.060689,256.935148,1.174473,6.995830,18.212839,0.975836,-0.212055,0.052629,-0.000775,-0.194292,0.048094,-0.000000
4.583215,4.925787,29.636111,258.400551,1.170495,6.979862,17.378745,0.973932,-0.220142,0.054637,-0.000773,-0.208945,0.051720,-0.000000
4.665561,5.022014,30.210239,259.797374,1.166650,6.964425,16.547238,0.971803,-0.228830,0.056795,-0.000772,-0.225126,0.055723,-0.000000
4.729074,5.096016,30.652189,260.827991,1.163705,6.952604,15.907081,0.969986,-0.235979,0.058571,-0.000771,-0.238789,0.059103,-0.000000
4.792586,5.169835,31.093401,261.818002,1.160846,6.941126,15.268421,0.967996,-0.243552,0.060451,-0.000770,-0.253644,0.062779,-0.000000
4.856099,5.243475,31.533894,262.767493,1.158082,6.930030,14.631287,0.965813,-0.251581,0.062446,-0.000768,-0.269704,0.066752,-0.000000
4.919611,5.316942,31.973692,263.676563,1.155405,6.919284,13.995577,0.963413,-0.260104,0.064562,-0.000766,-0.287051,0.071044,-0.000000
4.983124,5.390241,32.412819,264.545301,1.152807,6.908854,13.361183,0.960768,-0.269159,0.066811,-0.000765,-0.305932,0.075715,-0.000000
5.046636,5.463376,32.851285,265.373776,1.150239,6.898546,12.727754,0.957848,-0.278787,0.069202,-0.000763,-0.326531,0.080812,-0.000000
5.097221,5.521510,33.200042,266.004862,1.148249,6.890556,12.224131,0.955301,-0.286899,0.071216,-0.000761,-0.344328,0.085215,-0.000000
5.147806,5.579544,33.548401,266.610493,1.146313,6.882788,11.721299,0.952537,-0.295430,0.073335,-0.000759,-0.363179,0.089879,-0.000000
5.198390,5.637482,33.896371,267.190707,1.144425,6.875210,11.219190,0.949532,-0.304402,0.075563,-0.000757,-0.383176,0.094826,-0.000000
5.248975,5.695325,34.243961,267.745538,1.142566,6.867745,10.717680,0.946264,-0.313841,0.077907,-0.000754,-0.404562,0.100117,-0.000000
5.299559,5.753075,34.591178,268.275016,1.140749,6.860452,10.216828,0.942703,-0.323775,0.080373,-0.000752,-0.427527,0.105799,-0.000000
5.350144,5.810734,34.938030,268.779176,1.138975,6.853332,9.716617,0.938819,-0.334235,0.082971,-0.000749,-0.452055,0.111867,-0.000000
5.400728,5.868305,35.284526,269.258048,1.137242,6.846374,9.217016,0.934578,-0.345248,0.085705,-0.000746,-0.478150,0.118324,-0.000000
5.456978,5.932219,35.669410,269.760884,1.135273,6.838472,8.661763,0.929396,-0.358179,0.088916,-0.000742,-0.509029,0.125963,-0.000000
5.513228,5.996023,36.053852,270.232502,1.133323,6.830647,8.107098,0.923669,-0.371869,0.092315,-0.000738,-0.542254,0.134183,-0.000000
5.559938,6.048921,36.372754,270.600429,1.131689,6.824086,7.646833,0.918453,-0.383841,0.095288,-0.000734,-0.571418,0.141398,-0.000000
5.606647,6.101746,36.691362,270.946877,1.130152,6.817918,7.187281,0.912779,-0.396384,0.098402,-0.000730,-0.602146,0.149000,-0.000000
5.641644,6.141278,36.929887,271.192388,1.129042,6.813461,6.843343,0.908203,-0.406164,0.100831,-0.000726,-0.626001,0.154902,-0.000000
5.676640,6.180771,37.168252,271.425862,1.127894,6.808856,6.499465,0.903328,-0.416278,0.103342,-0.000722,-0.650629,0.160995,-0.000000
5.711636,6.220224,37.406461,271.647308,1.126802,6.804470,6.155945,0.898135,-0.426730,0.105937,-0.000719,-0.676141,0.167306,-0.000000
5.746633,6.259639,37.644519,271.856738,1.125751,6.800253,5.812735,0.892603,-0.437526,0.108618,-0.000714,-0.702421,0.173808,-0.000000
5.790316,6.308786,37.941458,272.101302,1.124408,6.794861,5.384490,0.885191,-0.451487,0.112084,-0.000709,-0.736199,0.182164,-0.000000
5.834000,6.357874,38.238162,272.327165,1.123081,6.789537,4.956560,0.877177,-0.465985,0.115684,-0.000702,-0.770907,0.190751,-0.000000
5.867528,6.395512,38.465735,272.487846,1.122051,6.785401,4.628259,0.870593,-0.477473,0.118536,-0.000697,-0.797917,0.197433,-0.000000
5.901057,6.433116,38.693173,272.637525,1.121045,6.781363,4.300176,0.863613,-0.489267,0.121464,-0.000692,-0.825189,0.204180,-0.000000
5.934586,6.470688,38.920479,272.776209,1.120099,6.777564,3.972382,0.856219,-0.501357,0.124466,-0.000686,-0.852575,0.210954,-0.000000
5.968114,6.508228,39.147661,272.903906,1.119190,6.773919,3.644820,0.848396,-0.513732,0.127539,-0.000680,-0.879885,0.217710,-0.000000
6.001643,6.545737,39.374719,273.020622,1.118280,6.770263,3.317401,0.840128,-0.526374,0.130677,-0.000674,-0.907019,0.224423,-0.000000
6.035172,6.583216,39.601654,273.126362,1.117347,6.766521,2.990087,0.831401,-0.539268,0.133879,-0.000667,-0.933833,0.231056,-0.000000
6.068701,6.620664,39.828467,273.221132,1.116459,6.762955,2.662987,0.822203,-0.552391,0.137137,-0.000660,-0.960097,0.237553,-0.000000
6.102229,6.658083,40.055162,273.304937,1.115595,6.759486,2.336063,0.812527,-0.565717,0.140445,-0.000652,-0.985269,0.243780,-0.000000
6.135758,6.695473,40.281740,273.377783,1.114732,6.756024,2.009280,0.802368,-0.579214,0.143796,-0.000644,-1.009200,0.249700,-0.000000
6.169287,6.732835,40.508207,273.439677,1.113929,6.752802,1.682700,0.791726,-0.592849,0.147182,-0.000636,-1.031847,0.255302,-0.000000
6.202815,6.770171,40.734569,273.490623,1.113176,6.749777,1.356296,0.780602,-0.606584,0.150592,-0.000627,-1.052659,0.260449,-0.000000
6.229502,6.799870,40.914665,273.523352,1.112600,6.747464,1.096609,0.771411,-0.617560,0.153317,-0.000619,-1.067709,0.264172,-0.000000
6.256188,6.829554,41.094700,273.549153,1.112038,6.745211,0.837006,0.761928,-0.628552,0.156046,-0.000612,-1.081366,0.267550,-0.000000
6.282875,6.859223,41.274676,273.568026,1.111490,6.743011,0.577482,0.752162,-0.639536,0.158773,-0.000604,-1.093485,0.270547,-0.000000
6.309561,6.888877,41.454595,273.579975,1.110956,6.740865,0.318032,0.742125,-0.650488,0.161492,-0.000596,-1.103851,0.273110,-0.000000
6.336247,6.918518,41.634456,273.585001,1.110435,6.738774,0.058653,0.731829,-0.661384,0.164197,-0.000588,-1.112346,0.275211,0.000000
6.342284,6.925220,41.675131,273.585178,1.110319,6.738308,-0.000006,0.729467,-0.663838,0.164806,-0.000586,-1.113999,0.275620,0.000000
6.350000,6.933787,41.727124,273.584889,1.110172,6.737718,-0.074988,0.726429,-0.666969,0.165583,-0.000584,-1.115963,0.276105,0.000000
6.382298,6.969269,41.943235,273.581850,1.098559,6.691101,-0.094081,0.726429,-0.666969,0.165583,-0.000584,-1.115963,0.276105,0.000000
6.414596,7.004379,42.157857,273.578198,1.087077,6.645011,-0.113067,0.726429,-0.666969,0.165583,-0.000584,-1.115963,0.276105,0.000000
6.479193,7.073867,42.584157,273.569675,1.064371,6.553864,-0.150834,0.726429,-0.666969,0.165583,-0.000584,-1.115963,0.276105,0.000000
6.543789,7.141905,43.004634,273.558725,1.042170,6.464747,-0.188196,0.726429,-0.666969,0.165583,-0.000584,-1.115963,0.276105,0.000000
6.608385,7.208524,43.419418,273.545374,1.020458,6.377591,-0.225165,0.726429,-0.666969,0.165583,-0.000584,-1.115963,0.276105,0.000000
6.999174,7.582911,45.813777,273.414706,0.898690,5.888788,-0.441089,0.726429,-0.666969,0.165583,-0.000584,-1.115963,0.276105,0.000000
7.389963,7.912624,48.028804,273.202019,0.791077,5.456805,-0.645497,0.726429,-0.666969,0.165583,-0.000584,-1.115963,0.276105,0.000000
7.780752,8.202659,50.084551,272.911406,0.695191,5.071895,-0.840213,0.726429,-0.666969,0.165583,-0.000584,-1.115963,0.276105,0.000000
8.171540,8.457195,51.997801,272.546361,0.609103,4.726316,-1.026654,0.726429,-0.666969,0.165583,-0.000584,-1.115963,0.276105,0.000000
8.761737,8.782038,54.648167,271.860573,0.494278,4.265369,-1.294931,0.726429,-0.666969,0.165583,-0.000584,-1.115963,0.276105,0.000000
9.351933,9.043644,57.044678,271.020598,0.394252,3.863821,-1.549513,0.726429,-0.666969,0.165583,-0.000584,-1.115963,0.276105,0.000000
9.942130,9.249764,59.218441,270.033919,0.305994,3.509505,-1.792234,0.726429,-0.666969,0.165583,-0.000584,-1.115963,0.276105,0.000000
10.532327,9.406690,61.194708,268.907169,0.227174,3.193066,-2.024319,0.726429,-0.666969,0.165583,-0.000584,-1.115963,0.276105,0.000000
11.122523,9.519438,62.993611,267.646384,0.156033,2.907442,-2.246523,0.726429,-0.666969,0.165583,-0.000584,-1.115963,0.276105,0.000000
11.837751,9.602715,64.959377,265.947029,0.078177,2.594841,-2.503166,0.726429,-0.666969,0.165583,-0.000584,-1.115963,0.276105,0.000000
12.552978,9.633058,66.712604,264.068964,0.007771,2.312132,-2.746265,0.726429,-0.666969,0.165583,-0.000584,-1.115963,0.276105,0.000000
13.268206,9.615288,68.272625,262.021845,-0.056557,2.053803,-2.975883,0.726429,-0.666969,0.165583,-0.000584,-1.115963,0.276105,0.000000
13.983433,9.553368,69.655341,259.815333,-0.115829,1.815755,-3.191949,0.726429,-0.666969,0.165583,-0.000584,-1.115963,0.276105,0.000000
14.698661,9.450629,70.874110,257.459160,-0.170805,1.594933,-3.394368,0.726429,-0.666969,0.165583,-0.000584,-1.115963,0.276105,0.000000
15.717544,9.239317,72.349393,253.863465,-0.242780,1.305784,-3.659101,0.726429,-0.666969,0.165583,-0.000584,-1.115963,0.276105,0.000000
16.736428,8.958015,73.543473,250.012075,-0.308333,1.042375,-3.896300,0.726429,-0.666969,0.165583,-0.000584,-1.115963,0.276105,0.000000
17.755312,8.612861,74.480940,245.932706,-0.368263,0.801491,-4.106702,0.726429,-0.666969,0.165583,-0.000584,-1.115963,0.276105,0.000000
18.774195,8.209272,75.183499,241.652087,-0.423124,0.580915,-4.291555,0.726429,-0.666969,0.165583,-0.000584,-1.115963,0.276105,0.000000
19.640097,7.824053,75.610762,237.874914,-0.466078,0.408153,-4.429793,0.726429,-0.666969,0.165583,-0.000584,-1.115963,0.276105,0.000000
20.505999,7.403015,75.893937,233.985092,-0.505883,0.248000,-4.551955,0.726429,-0.666969,0.165583,-0.000584,-1.115963,0.276105,0.000000
21.371901,6.948804,76.043619,229.995995,-0.542728,0.099697,-4.659313,0.726429,-0.666969,0.165583,-0.000584,-1.115963,0.276105,0.000000
22.237803,6.463908,76.069764,225.919871,-0.576789,-0.037455,-4.753184,0.726429,-0.666969,0.165583,-0.000584,-1.115963,0.276105,0.000000
24.140977,5.301611,75.738329,216.708189,-0.642681,-0.302997,-4.918486,0.726429,-0.666969,0.165583,-0.000584,-1.115963,0.276105,0.000000
26.044151,4.024613,74.944367,207.227751,-0.697621,-0.524697,-5.038047,0.726429,-0.666969,0.165583,-0.000584,-1.115963,0.276105,0.000000
27.947326,2.652167,73.764947,197.554128,-0.743214,-0.708980,-5.123107,0.726429,-0.666969,0.165583,-0.000584,-1.115963,0.276105,0.000000
29.850500,1.200669,72.265708,187.743978,-0.780943,-0.861783,-5.182695,0.726429,-0.666969,0.165583,-0.000584,-1.115963,0.276105,0.000000
31.753674,-0.316205,70.501392,177.838838,-0.812125,-0.988379,-5.223861,0.726429,-0.666969,0.165583,-0.000584,-1.115963,0.276105,0.000000
33.009214,-1.347116,69.214652,171.267137,-0.829674,-1.059797,-5.243547,0.726429,-0.666969,0.165583,-0.000584,-1.115963,0.276105,0.000000
34.264754,-2.398726,67.843596,164.673629,-0.845132,-1.122825,-5.258774,0.726429,-0.666969,0.165583,-0.000584,-1.115963,0.276105,0.000000
35.520294,-3.468510,66.398404,158.063196,-0.858652,-1.177995,-5.270706,0.726429,-0.666969,0.165583,-0.000584,-1.115963,0.276105,0.000000
36.775834,-4.554137,64.888552,151.439419,-0.870391,-1.225892,-5.280203,0.726429,-0.666969,0.165583,-0.000584,-1.115963,0.276105,0.000000
37.840494,-5.485469,63.564375,145.814354,-0.879142,-1.261597,-5.286700,0.726429,-0.666969,0.165583,-0.000584,-1.115963,0.276105,0.000000
38.905154,-6.425593,62.204326,140.182982,-0.886907,-1.293280,-5.292003,0.726429,-0.666969,0.165583,-0.000584,-1.115963,0.276105,0.000000
39.969814,-7.373518,60.812446,134.546481,-0.893796,-1.321387,-5.296329,0.726429,-0.666969,0.165583,-0.000584,-1.115963,0.276105,0.000000
42.061318,-9.255419,57.997664,123.461909,-0.905111,-1.367551,-5.302567,0.726429,-0.666969,0.165583,-0.000584,-1.115963,0.276105,0.000000
44.152823,-11.158232,55.097561,112.366866,-0.914067,-1.404094,-5.306770,0.726429,-0.666969,0.165583,-0.000584,-1.115963,0.276105,0.000000
46.083354,-12.929467,52.359988,102.119373,-0.920655,-1.430972,-5.309398,0.726429,-0.666969,0.165583,-0.000584,-1.115963,0.276105,0.000000
